step,time,mode,p_pv_kw,p_load_kw,p_ev_kw,batt_state,batt_kw,soc_batt_pct,sc_state,sc_kw,soc_sc_pct,grid_kw,export_kw,net_grid_kw,peak_shave_kw,ev_alert,evening,voltage_violation,transformer_loading_pct,self_sufficiency_pct,bess_charged_kwh_cum,bess_discharged_kwh_cum,ev_energy_kwh_cum,pv_total_kwh_cum,grid_import_kwh_cum,co2_saved_kg_step,co2_saved_kg_cum,v_mainbus_pu,v_panelbus_pu,v_mechworkshopbus_pu,v_hostelfbus_pu,v_guesthousebus_pu,v_auditoriumbus_pu,v_librarybus_pu,v_civildeptbus_pu,v_mechdeptbus_pu,v_elecdeptbus_pu,v_ltdbus_pu,v_hostelcbus_pu,v_hosteldbus_pu,v_gymbus_pu,v_evbus_pu,v_lecturetheatrebus_pu,v_adminbus_pu,v_pumphousebus_pu,v_securitybus_pu,v_uppercanteenbus_pu,v_lowercanteenbus_pu,v_boyshostelbbus_pu,v_hostelblockbus_pu
0,00:00,NORMAL,0.0,73.85,0.0,IDLING,0.0,23.0,DISCHARGING,73.85,15.0,73.85,0.0,73.85,0.0,,,,7.38,0.0,0.0,0.0,0.0,0.0,18.46,0.0,0.0,1.0,1.0,1.0,1.0,1.0,1.0,1.0,1.0,1.0,0.9995,1.0,1.0,1.0,1.0,1.0,1.0,1.0,1.0,0.9999,1.0,1.0,1.0,1.0
1,00:15,NORMAL,0.0,71.3,0.0,IDLING,0.0,23.0,IDLING,-0.0,15.0,71.3,0.0,71.3,0.0,,,,7.13,0.0,0.0,0.0,0.0,0.0,36.29,0.0,0.0,1.0,1.0,1.0,1.0,1.0,1.0,1.0,1.0,1.0,0.9996,1.0,1.0,1.0,1.0,1.0,1.0,1.0,1.0,0.9999,1.0,1.0,1.0,1.0
2,00:30,NORMAL,0.0,68.57,0.0,IDLING,0.0,23.0,IDLING,-0.0,15.0,68.57,0.0,68.57,0.0,,,,6.86,0.0,0.0,0.0,0.0,0.0,53.43,0.0,0.0,1.0,1.0,1.0,1.0,1.0,1.0,1.0,1.0,1.0,0.9996,1.0,1.0,1.0,1.0,1.0,1.0,1.0,1.0,0.9999,1.0,1.0,1.0,1.0
3,00:45,NORMAL,0.0,66.33,0.0,IDLING,0.0,23.0,IDLING,-0.0,15.0,66.33,0.0,66.33,0.0,,,,6.63,0.0,0.0,0.0,0.0,0.0,70.01,0.0,0.0,1.0,1.0,1.0,1.0,1.0,1.0,1.0,1.0,1.0,0.9996,1.0,1.0,1.0,1.0,1.0,1.0,1.0,1.0,0.9999,1.0,1.0,1.0,1.0
4,01:00,NORMAL,0.0,66.03,0.0,IDLING,0.0,23.0,IDLING,-0.0,15.0,66.03,0.0,66.03,0.0,,,,6.6,0.0,0.0,0.0,0.0,0.0,86.52,0.0,0.0,1.0,1.0,1.0,1.0,1.0,1.0,1.0,1.0,1.0,0.9996,1.0,1.0,1.0,1.0,1.0,1.0,1.0,1.0,0.9999,1.0,1.0,1.0,1.0
5,01:15,NORMAL,0.0,67.89,0.0,IDLING,0.0,23.0,IDLING,-0.0,15.0,67.89,0.0,67.89,0.0,,,,6.79,0.0,0.0,0.0,0.0,0.0,103.49,0.0,0.0,1.0,1.0,1.0,1.0,1.0,1.0,1.0,1.0,1.0,0.9996,1.0,1.0,1.0,1.0,1.0,1.0,1.0,1.0,0.9999,1.0,1.0,1.0,1.0
6,01:30,NORMAL,0.0,68.18,0.0,IDLING,0.0,23.0,IDLING,-0.0,15.0,68.18,0.0,68.18,0.0,,,,6.82,0.0,0.0,0.0,0.0,0.0,120.54,0.0,0.0,1.0,1.0,1.0,1.0,1.0,1.0,1.0,1.0,1.0,0.9996,1.0,1.0,1.0,1.0,1.0,1.0,1.0,1.0,0.9999,1.0,1.0,1.0,1.0
7,01:45,NORMAL,0.0,67.55,0.0,IDLING,0.0,23.0,IDLING,-0.0,15.0,67.55,0.0,67.55,0.0,,,,6.75,0.0,0.0,0.0,0.0,0.0,137.42,0.0,0.0,1.0,1.0,1.0,1.0,1.0,1.0,1.0,1.0,1.0,0.9996,1.0,1.0,1.0,1.0,1.0,1.0,1.0,1.0,0.9999,1.0,1.0,1.0,1.0
8,02:00,NORMAL,0.0,64.17,0.0,IDLING,0.0,23.0,IDLING,-0.0,15.0,64.17,0.0,64.17,0.0,,,,6.42,0.0,0.0,0.0,0.0,0.0,153.47,0.0,0.0,1.0,1.0,1.0,1.0,1.0,1.0,1.0,1.0,1.0,0.9996,1.0,1.0,1.0,1.0,1.0,1.0,1.0,1.0,0.9999,1.0,1.0,1.0,1.0
9,02:15,NORMAL,0.0,64.17,0.0,IDLING,0.0,23.0,IDLING,-0.0,15.0,64.17,0.0,64.17,0.0,,,,6.42,0.0,0.0,0.0,0.0,0.0,169.51,0.0,0.0,1.0,1.0,1.0,1.0,1.0,1.0,1.0,1.0,1.0,0.9996,1.0,1.0,1.0,1.0,1.0,1.0,1.0,1.0,0.9999,1.0,1.0,1.0,1.0
10,02:30,NORMAL,0.0,63.08,0.0,IDLING,0.0,23.0,IDLING,-0.0,15.0,63.08,0.0,63.08,0.0,,,,6.31,0.0,0.0,0.0,0.0,0.0,185.28,0.0,0.0,1.0,1.0,1.0,1.0,1.0,1.0,1.0,1.0,1.0,0.9996,1.0,1.0,1.0,1.0,1.0,1.0,1.0,1.0,0.9999,1.0,1.0,1.0,1.0
11,02:45,NORMAL,0.0,65.29,0.0,IDLING,0.0,23.0,IDLING,-0.0,15.0,65.29,0.0,65.29,0.0,,,,6.53,0.0,0.0,0.0,0.0,0.0,201.6,0.0,0.0,1.0,1.0,1.0,1.0,1.0,1.0,1.0,1.0,1.0,0.9996,1.0,1.0,1.0,1.0,1.0,1.0,1.0,1.0,0.9999,1.0,1.0,1.0,1.0
12,03:00,NORMAL,0.0,64.42,0.0,IDLING,0.0,23.0,IDLING,-0.0,15.0,64.42,0.0,64.42,0.0,,,,6.44,0.0,0.0,0.0,0.0,0.0,217.71,0.0,0.0,1.0,1.0,1.0,1.0,1.0,1.0,1.0,1.0,1.0,0.9996,1.0,1.0,1.0,1.0,1.0,1.0,1.0,1.0,0.9999,1.0,1.0,1.0,1.0
13,03:15,NORMAL,0.0,65.48,0.0,IDLING,0.0,23.0,IDLING,-0.0,15.0,65.48,0.0,65.48,0.0,,,,6.55,0.0,0.0,0.0,0.0,0.0,234.08,0.0,0.0,1.0,1.0,1.0,1.0,1.0,1.0,1.0,1.0,1.0,0.9996,1.0,1.0,1.0,1.0,1.0,1.0,1.0,1.0,0.9999,1.0,1.0,1.0,1.0
14,03:30,NORMAL,0.0,65.12,0.0,IDLING,0.0,23.0,IDLING,-0.0,15.0,65.12,0.0,65.12,0.0,,,,6.51,0.0,0.0,0.0,0.0,0.0,250.36,0.0,0.0,1.0,1.0,1.0,1.0,1.0,1.0,1.0,1.0,1.0,0.9996,1.0,1.0,1.0,1.0,1.0,1.0,1.0,1.0,0.9999,1.0,1.0,1.0,1.0
15,03:45,NORMAL,0.0,65.25,0.0,IDLING,0.0,23.0,IDLING,-0.0,15.0,65.25,0.0,65.25,0.0,,,,6.53,0.0,0.0,0.0,0.0,0.0,266.67,0.0,0.0,1.0,1.0,1.0,1.0,1.0,1.0,1.0,1.0,1.0,0.9996,1.0,1.0,1.0,1.0,1.0,1.0,1.0,1.0,0.9999,1.0,1.0,1.0,1.0
16,04:00,NORMAL,0.0,64.84,0.0,IDLING,0.0,23.0,IDLING,-0.0,15.0,64.84,0.0,64.84,0.0,,,,6.48,0.0,0.0,0.0,0.0,0.0,282.88,0.0,0.0,1.0,1.0,1.0,1.0,1.0,1.0,1.0,1.0,1.0,0.9996,1.0,1.0,1.0,1.0,1.0,1.0,1.0,1.0,0.9999,1.0,1.0,1.0,1.0
17,04:15,NORMAL,0.0,62.5,0.0,IDLING,0.0,23.0,IDLING,-0.0,15.0,62.5,0.0,62.5,0.0,,,,6.25,0.0,0.0,0.0,0.0,0.0,298.5,0.0,0.0,1.0,1.0,1.0,1.0,1.0,1.0,1.0,1.0,1.0,0.9996,1.0,1.0,1.0,1.0,1.0,1.0,1.0,1.0,0.9999,1.0,1.0,1.0,1.0
18,04:30,NORMAL,0.0,64.61,0.0,IDLING,0.0,23.0,IDLING,-0.0,15.0,64.61,0.0,64.61,0.0,,,,6.46,0.0,0.0,0.0,0.0,0.0,314.66,0.0,0.0,1.0,1.0,1.0,1.0,1.0,1.0,1.0,1.0,1.0,0.9996,1.0,1.0,1.0,1.0,1.0,1.0,1.0,1.0,0.9999,1.0,1.0,1.0,1.0
19,04:45,NORMAL,0.0,64.1,0.0,IDLING,0.0,23.0,IDLING,-0.0,15.0,64.1,0.0,64.1,0.0,,,,6.41,0.0,0.0,0.0,0.0,0.0,330.68,0.0,0.0,1.0,1.0,1.0,1.0,1.0,1.0,1.0,1.0,1.0,0.9996,1.0,1.0,1.0,1.0,1.0,1.0,1.0,1.0,0.9999,1.0,1.0,1.0,1.0
20,05:00,NORMAL,0.0,64.71,0.0,IDLING,0.0,23.0,IDLING,-0.0,15.0,64.71,0.0,64.71,0.0,,,,6.47,0.0,0.0,0.0,0.0,0.0,346.86,0.0,0.0,1.0,1.0,1.0,1.0,1.0,1.0,1.0,1.0,1.0,0.9996,1.0,1.0,1.0,1.0,1.0,1.0,1.0,1.0,0.9999,1.0,1.0,1.0,1.0
21,05:15,NORMAL,10.87,65.75,0.0,CHARGING,10.87,23.39,IDLING,-0.0,15.0,65.75,0.0,65.75,0.0,,,,6.58,0.0,2.72,0.0,0.0,2.72,363.3,1.957,1.96,1.0,1.0,1.0001,1.0001,1.0,1.0004,1.0002,1.0001,1.0002,0.9997,1.0,1.0003,1.0003,1.0,1.0,1.0001,1.0001,1.0,0.9999,1.0,1.0001,1.0001,1.0
22,05:30,NORMAL,21.75,67.01,0.0,CHARGING,21.75,24.18,IDLING,-0.0,15.0,67.01,0.0,67.01,0.0,,,,6.7,0.0,8.16,0.0,0.0,8.16,380.05,3.915,5.87,1.0,1.0,1.0002,1.0002,1.0001,1.0007,1.0003,1.0001,1.0004,0.9998,1.0,1.0007,1.0007,1.0,1.0,1.0002,1.0002,1.0,0.9999,1.0001,1.0002,1.0001,1.0001
23,05:45,NORMAL,32.62,69.2,0.0,CHARGING,32.62,25.36,IDLING,-0.0,15.0,69.2,0.0,69.2,0.0,,,,6.92,0.0,16.31,0.0,0.0,16.31,397.35,5.872,11.74,1.0,1.0,1.0003,1.0003,1.0001,1.0011,1.0005,1.0002,1.0006,0.9999,1.0,1.001,1.001,1.0,1.0,1.0003,1.0003,1.0,0.9999,1.0001,1.0003,1.0002,1.0001
24,06:00,NORMAL,43.5,70.57,0.0,CHARGING,43.5,26.94,IDLING,-0.0,15.0,70.57,0.0,70.57,0.0,,,,7.06,0.0,27.18,0.0,0.0,27.18,414.99,7.829,19.57,1.0,1.0,1.0004,1.0004,1.0002,1.0014,1.0007,1.0002,1.0008,1.0,1.0,1.0014,1.0013,1.0,1.0,1.0004,1.0004,1.0,0.9999,1.0002,1.0004,1.0002,1.0001
25,06:15,NORMAL,157.58,79.71,0.0,CHARGING,100.0,30.56,IDLING,-0.0,15.0,22.13,0.0,22.13,0.0,,,,7.97,72.2,52.18,0.0,0.0,66.58,420.52,28.365,47.94,1.0,1.0,1.0016,1.0016,1.0007,1.0051,1.0024,1.0008,1.0028,1.0011,1.0,1.0049,1.0049,1.0,1.0,1.0016,1.0015,1.0,0.9999,1.0007,1.0014,1.0008,1.0004
26,06:30,NORMAL,271.85,86.82,0.0,CHARGING,100.0,34.17,IDLING,-0.0,15.0,0.0,85.03,-85.03,0.0,,,,8.68,100.0,77.18,0.0,0.0,134.54,420.52,48.933,96.87,1.0,1.0,1.0027,1.0028,1.0011,1.0088,1.0042,1.0013,1.0049,1.0022,1.0,1.0085,1.0084,1.0,1.0,1.0027,1.0026,1.0,0.9999,1.0012,1.0024,1.0014,1.0008
27,06:45,NORMAL,386.12,94.21,0.0,CHARGING,100.0,37.79,IDLING,-0.0,15.0,0.0,191.91,-191.91,0.0,,,,9.42,100.0,102.18,0.0,0.0,231.07,420.52,69.501,166.37,1.0,1.0,1.0039,1.004,1.0016,1.0125,1.0059,1.0019,1.0069,1.0033,1.0,1.012,1.0119,1.0,1.0,1.0038,1.0037,1.0,0.9999,1.0016,1.0033,1.002,1.0011
28,07:00,NORMAL,500.39,101.91,0.0,CHARGING,100.0,41.41,IDLING,-0.0,15.0,0.0,298.48,-298.48,0.0,,,,10.19,100.0,127.18,0.0,0.0,356.17,420.52,90.07,256.44,1.0,1.0,1.005,1.0051,1.0021,1.0162,1.0077,1.0025,1.009,1.0044,1.0,1.0156,1.0155,1.0,1.0,1.005,1.0048,1.0,0.9999,1.0021,1.0043,1.0026,1.0014
29,07:15,NORMAL,628.66,112.85,0.0,CHARGING,100.0,45.03,IDLING,-0.0,15.0,0.0,415.81,-415.81,0.0,,,,11.28,100.0,152.18,0.0,0.0,513.34,420.52,113.16,369.6,1.0,1.0,1.0063,1.0064,1.0027,1.0204,1.0096,1.0031,1.0113,1.0054,1.0,1.0196,1.0194,1.0,1.0,1.0062,1.006,1.0,0.9999,1.0027,1.0055,1.0033,1.0018
30,07:30,NORMAL,756.94,121.95,0.0,CHARGING,100.0,48.65,IDLING,-0.0,15.0,0.0,534.99,-534.99,0.0,,,,12.2,100.0,177.18,0.0,0.0,702.57,420.52,136.249,505.85,1.0,1.0,1.0076,1.0077,1.0032,1.0245,1.0116,1.0037,1.0136,1.0065,1.0,1.0236,1.0234,1.0,1.0,1.0075,1.0072,1.0,0.9999,1.0032,1.0066,1.0039,1.0022
31,07:45,NORMAL,885.22,132.22,0.0,CHARGING,100.0,52.27,IDLING,-0.0,15.0,0.0,653.0,-653.0,0.0,,,,13.22,100.0,202.18,0.0,0.0,923.87,420.52,159.339,665.19,1.0,1.0,1.0089,1.0091,1.0037,1.0287,1.0136,1.0043,1.0159,1.0076,1.0,1.0275,1.0274,1.0,1.0,1.0088,1.0084,1.0,0.9999,1.0038,1.0077,1.0046,1.0025
32,08:00,NORMAL,1013.49,143.75,0.0,CHARGING,100.0,55.89,IDLING,-0.0,15.0,0.0,769.74,-769.74,0.0,,,,14.37,100.0,227.18,0.0,0.0,1177.25,420.52,182.429,847.62,1.0,1.0,1.0101,1.0104,1.0043,1.0329,1.0155,1.005,1.0182,1.0086,1.0,1.0315,1.0313,1.0,1.0,1.0101,1.0097,1.0,0.9999,1.0043,1.0088,1.0053,1.0029
33,08:15,NORMAL,1124.81,147.93,0.0,CHARGING,100.0,59.51,IDLING,-0.0,15.0,0.0,876.88,-876.88,0.0,,,,14.79,100.0,252.18,0.0,0.0,1458.45,420.52,202.466,1050.09,1.0,1.0,1.0113,1.0115,1.0048,1.0365,1.0172,1.0055,1.0202,1.0096,1.0,1.035,1.0348,1.0,1.0,1.0112,1.0107,1.0,0.9999,1.0048,1.0098,1.0059,1.0032
34,08:30,NORMAL,1235.95,153.95,0.0,CHARGING,100.0,63.13,IDLING,-0.0,15.0,0.0,982.0,-982.0,0.0,,,,15.39,100.0,277.18,0.0,0.0,1767.44,420.52,222.471,1272.56,1.0,1.0,1.0124,1.0127,1.0052,1.0401,1.0189,1.0061,1.0222,1.0106,1.0,1.0385,1.0382,1.0,1.0,1.0123,1.0118,1.0,0.9999,1.0053,1.0107,1.0064,1.0035
35,08:45,NORMAL,1347.27,159.86,0.0,CHARGING,100.0,66.75,IDLING,-0.0,15.0,0.0,1087.41,-1087.41,0.0,,,,15.99,100.0,302.18,0.0,0.0,2104.26,420.52,242.509,1515.07,1.0,1.0,1.0135,1.0138,1.0057,1.0437,1.0207,1.0066,1.0242,1.0116,1.0,1.0419,1.0416,1.0,1.0,1.0134,1.0129,1.0,0.9999,1.0058,1.0117,1.007,1.0038
36,09:00,NORMAL,1458.41,168.51,14.2,CHARGING,100.0,70.37,IDLING,-0.0,15.0,0.0,1175.7,-1175.7,0.0,,,,18.27,100.0,327.18,0.0,3.55,2468.86,420.52,262.513,1777.58,1.0,1.0,1.0146,1.0149,1.0062,1.0473,1.0224,1.0071,1.0262,1.0126,1.0,1.0454,1.0451,1.0,0.9969,1.0145,1.0139,1.0,0.9999,1.0062,1.0126,1.0076,1.0041
37,09:15,NORMAL,1527.34,174.5,14.2,CHARGING,100.0,73.99,IDLING,-0.0,15.0,0.0,1238.64,-1238.64,0.0,,,,18.87,100.0,352.18,0.0,7.1,2850.69,420.52,274.92,2052.5,1.0,1.0,1.0153,1.0156,1.0065,1.0495,1.0234,1.0075,1.0274,1.0133,1.0,1.0475,1.0472,1.0,0.9969,1.0152,1.0146,1.0,0.9999,1.0065,1.0132,1.008,1.0043
38,09:30,NORMAL,1596.27,177.92,14.2,CHARGING,100.0,77.61,IDLING,-0.0,15.0,0.0,1304.15,-1304.15,0.0,,,,19.21,100.0,377.18,0.0,10.65,3249.76,420.52,287.328,2339.83,1.0,1.0,1.016,1.0163,1.0067,1.0517,1.0245,1.0078,1.0287,1.0139,1.0,1.0497,1.0493,1.0,0.9969,1.0158,1.0152,1.0,0.9999,1.0068,1.0138,1.0083,1.0045
39,09:45,NORMAL,1665.01,182.16,14.2,CHARGING,100.0,81.23,IDLING,-0.0,15.0,0.0,1368.65,-1368.65,0.0,,,,19.64,100.0,402.18,0.0,14.2,3666.01,420.52,299.702,2639.53,1.0,1.0,1.0167,1.017,1.007,1.054,1.0255,1.0082,1.0299,1.0146,1.0,1.0518,1.0514,1.0,0.9969,1.0165,1.0159,1.0,0.9999,1.0071,1.0144,1.0087,1.0047
40,10:00,NORMAL,1733.94,183.7,24.8,CHARGING,100.0,84.85,IDLING,-0.0,15.0,0.0,1425.44,-1425.44,0.0,,,,20.85,100.0,427.18,0.0,20.4,4099.5,420.52,312.109,2951.64,1.0,1.0,1.0174,1.0178,1.0073,1.0562,1.0266,1.0085,1.0312,1.0152,1.0,1.054,1.0536,1.0,0.9969,1.0172,1.0165,1.0,0.9999,1.0074,1.015,1.009,1.0049
41,10:15,NORMAL,1756.98,186.94,24.8,CHARGING,100.0,88.47,IDLING,-0.0,15.0,0.0,1445.24,-1445.24,0.0,,,,21.17,100.0,452.18,0.0,26.6,4538.74,420.52,316.256,3267.89,1.0,1.0,1.0177,1.018,1.0074,1.057,1.0269,1.0086,1.0316,1.0155,1.0,1.0547,1.0543,1.0,0.9969,1.0174,1.0168,1.0,0.9999,1.0075,1.0152,1.0092,1.005
42,10:30,NORMAL,1780.2,190.49,24.8,CHARGING,100.0,90.0,IDLING,-0.0,15.0,0.0,1464.91,-1464.91,0.0,,,,21.53,100.0,477.18,0.0,32.8,4983.79,420.52,320.436,3588.33,1.0,1.0,1.0179,1.0182,1.0075,1.0577,1.0273,1.0087,1.032,1.0157,1.0,1.0554,1.055,1.0,0.9969,1.0177,1.017,1.0,0.9999,1.0076,1.0154,1.0093,1.0051
43,10:45,NORMAL,1803.42,192.11,24.8,IDLING,0.0,90.0,IDLING,-0.0,15.0,0.0,1586.51,-1586.51,0.0,,,,21.69,100.0,477.18,0.0,39.0,5434.65,420.52,324.616,3912.95,1.0,1.0,1.0181,1.0185,1.0076,1.0585,1.0276,1.0088,1.0324,1.0159,1.0,1.0561,1.0557,1.0,0.9969,1.0179,1.0172,1.0,0.9999,1.0077,1.0156,1.0094,1.0051
44,11:00,NORMAL,1826.46,194.47,39.7,IDLING,0.0,90.0,IDLING,-0.0,15.0,0.0,1592.29,-1592.29,0.0,,,,23.42,100.0,477.18,0.0,48.92,5891.26,420.52,328.763,4241.71,1.0,1.0,1.0184,1.0187,1.0077,1.0592,1.028,1.0089,1.0328,1.0161,1.0,1.0568,1.0564,1.0,0.9969,1.0181,1.0174,1.0,0.9999,1.0078,1.0158,1.0095,1.0052
45,11:15,NORMAL,1830.7,192.62,39.7,IDLING,0.0,90.0,IDLING,-0.0,15.0,0.0,1598.38,-1598.38,0.0,,,,23.23,100.0,477.18,0.0,58.85,6348.94,420.52,329.526,4571.23,1.0,1.0,1.0184,1.0187,1.0077,1.0593,1.0281,1.009,1.0329,1.0163,1.0,1.057,1.0566,1.0,0.9969,1.0182,1.0175,1.0,0.9999,1.0078,1.0159,1.0095,1.0052
46,11:30,NORMAL,1834.76,189.73,39.7,IDLING,0.0,90.0,IDLING,-0.0,15.0,0.0,1605.33,-1605.33,0.0,,,,22.94,100.0,477.18,0.0,68.77,6807.63,420.52,330.256,4901.49,1.0,1.0,1.0185,1.0188,1.0078,1.0595,1.0281,1.009,1.033,1.0164,1.0,1.0571,1.0567,1.0,0.9969,1.0182,1.0175,1.0,0.9999,1.0078,1.0159,1.0096,1.0052
47,11:45,NORMAL,1839.0,186.44,39.7,IDLING,0.0,90.0,IDLING,-0.0,15.0,0.0,1612.86,-1612.86,0.0,,,,22.61,100.0,477.18,0.0,78.7,7267.38,420.52,331.019,5232.51,1.0,1.0,1.0185,1.0188,1.0078,1.0596,1.0282,1.009,1.033,1.0165,1.0,1.0572,1.0568,1.0,0.9969,1.0182,1.0175,1.0,0.9999,1.0079,1.0159,1.0096,1.0052
48,12:00,NORMAL,1843.05,183.28,53.7,IDLING,0.0,90.0,IDLING,-0.0,15.0,0.0,1606.07,-1606.07,0.0,,,,23.7,100.0,477.18,0.0,92.12,7728.14,420.52,331.749,5564.26,1.0,1.0,1.0186,1.0189,1.0078,1.0597,1.0283,1.009,1.0331,1.0167,1.0,1.0573,1.0569,1.0,0.9969,1.0183,1.0176,1.0,0.9999,1.0079,1.016,1.0096,1.0052
49,12:15,NORMAL,1814.48,188.94,53.7,IDLING,0.0,90.0,IDLING,-0.0,15.0,0.0,1571.84,-1571.84,0.0,,,,24.26,100.0,477.18,0.0,105.55,8181.76,420.52,326.607,5890.87,1.0,1.0,1.0183,1.0186,1.0077,1.0588,1.0278,1.0089,1.0326,1.0163,1.0,1.0565,1.0561,1.0,0.9969,1.018,1.0173,1.0,0.9999,1.0078,1.0157,1.0095,1.0052
50,12:30,NORMAL,1785.92,190.87,53.7,IDLING,0.0,90.0,IDLING,-0.0,15.0,0.0,1541.35,-1541.35,0.0,,,,24.46,100.0,477.18,0.0,118.97,8628.24,420.52,321.465,6212.33,1.0,1.0,1.018,1.0183,1.0075,1.0579,1.0274,1.0088,1.0321,1.0159,1.0,1.0556,1.0552,1.0,0.9969,1.0177,1.017,1.0,0.9999,1.0076,1.0155,1.0093,1.0051
51,12:45,NORMAL,1757.53,191.21,53.7,IDLING,0.0,90.0,IDLING,-0.0,15.0,0.0,1512.62,-1512.62,0.0,,,,24.49,100.0,477.18,0.0,132.4,9067.62,420.52,316.356,6528.69,1.0,1.0,1.0177,1.018,1.0074,1.057,1.0269,1.0086,1.0316,1.0155,1.0,1.0547,1.0543,1.0,0.9969,1.0174,1.0168,1.0,0.9999,1.0075,1.0152,1.0092,1.005
52,13:00,NORMAL,1728.97,194.66,58.3,IDLING,0.0,90.0,IDLING,-0.0,15.0,0.0,1476.01,-1476.01,0.0,,,,25.3,100.0,477.18,0.0,146.97,9499.86,420.52,311.214,6839.9,1.0,1.0,1.0174,1.0177,1.0073,1.056,1.0265,1.0085,1.0311,1.0151,1.0,1.0538,1.0534,1.0,0.9969,1.0172,1.0165,1.0,0.9999,1.0074,1.015,1.009,1.0049
53,13:15,NORMAL,1687.31,192.93,58.3,IDLING,0.0,90.0,IDLING,-0.0,15.0,0.0,1436.08,-1436.08,0.0,,,,25.12,100.0,477.18,0.0,161.55,9921.69,420.52,303.716,7143.62,1.0,1.0,1.017,1.0173,1.0071,1.0547,1.0259,1.0083,1.0303,1.0146,1.0,1.0525,1.0521,1.0,0.9969,1.0167,1.0161,1.0,0.9999,1.0072,1.0146,1.0088,1.0048
54,13:30,NORMAL,1645.84,193.72,58.3,IDLING,0.0,90.0,IDLING,-0.0,15.0,0.0,1393.82,-1393.82,0.0,,,,25.2,100.0,477.18,0.0,176.12,10333.15,420.52,296.252,7439.87,1.0,1.0,1.0165,1.0168,1.007,1.0534,1.0252,1.0081,1.0296,1.0141,1.0,1.0512,1.0509,1.0,0.9969,1.0163,1.0157,1.0,0.9999,1.007,1.0143,1.0086,1.0047
55,13:45,NORMAL,1604.19,194.03,58.3,IDLING,0.0,90.0,IDLING,-0.0,15.0,0.0,1351.86,-1351.86,0.0,,,,25.23,100.0,477.18,0.0,190.7,10734.2,420.52,288.754,7728.62,1.0,1.0,1.0161,1.0164,1.0068,1.052,1.0246,1.0079,1.0288,1.0136,1.0,1.0499,1.0496,1.0,0.9969,1.0159,1.0153,1.0,0.9999,1.0069,1.0139,1.0084,1.0046
56,14:00,NORMAL,1562.72,195.1,49.6,IDLING,0.0,90.0,IDLING,-0.0,15.0,0.0,1318.02,-1318.02,0.0,,,,24.47,100.0,477.18,0.0,203.1,11124.88,420.52,281.29,8009.91,1.0,1.0,1.0157,1.016,1.0066,1.0507,1.024,1.0077,1.0281,1.0131,1.0,1.0486,1.0483,1.0,0.9969,1.0155,1.0149,1.0,0.9999,1.0067,1.0135,1.0081,1.0044
57,14:15,NORMAL,1476.1,194.17,49.6,IDLING,0.0,90.0,IDLING,-0.0,15.0,0.0,1232.33,-1232.33,0.0,,,,24.38,100.0,477.18,0.0,215.5,11493.9,420.52,265.698,8275.61,1.0,1.0,1.0148,1.0151,1.0062,1.0479,1.0226,1.0072,1.0265,1.0122,1.0,1.0459,1.0456,1.0,0.9969,1.0146,1.0141,1.0,0.9999,1.0063,1.0128,1.0077,1.0042
58,14:30,NORMAL,1389.66,195.31,49.6,IDLING,0.0,90.0,IDLING,-0.0,15.0,0.0,1144.75,-1144.75,0.0,,,,24.49,100.0,477.18,0.0,227.9,11841.32,420.52,250.139,8525.75,1.0,1.0,1.0139,1.0142,1.0059,1.045,1.0213,1.0068,1.025,1.0113,1.0,1.0432,1.0429,1.0,0.9969,1.0138,1.0133,1.0,0.9999,1.0059,1.012,1.0072,1.004
59,14:45,NORMAL,1303.22,194.09,49.6,IDLING,0.0,90.0,IDLING,-0.0,15.0,0.0,1059.53,-1059.53,0.0,,,,24.37,100.0,477.18,0.0,240.3,12167.12,420.52,234.58,8760.33,1.0,1.0,1.013,1.0133,1.0055,1.0422,1.02,1.0064,1.0234,1.0103,1.0,1.0406,1.0403,1.0,0.9969,1.0129,1.0124,1.0,0.9999,1.0056,1.0113,1.0068,1.0037
60,15:00,NORMAL,1216.6,192.56,33.7,IDLING,0.0,90.0,IDLING,-0.0,15.0,0.0,990.34,-990.34,0.0,,,,22.63,100.0,477.18,0.0,248.72,12471.27,420.52,218.988,8979.32,1.0,1.0,1.0121,1.0125,1.0051,1.0394,1.0187,1.006,1.0219,1.0094,1.0,1.0379,1.0376,1.0,0.9969,1.0121,1.0116,1.0,0.9999,1.0052,1.0105,1.0063,1.0035
61,15:15,NORMAL,1094.96,192.37,33.7,IDLING,0.0,90.0,IDLING,-0.0,15.0,0.0,868.89,-868.89,0.0,,,,22.61,100.0,477.18,0.0,257.15,12745.01,420.52,197.092,9176.41,1.0,1.0,1.0109,1.0112,1.0046,1.0355,1.0168,1.0054,1.0197,1.0081,1.0,1.0341,1.0338,1.0,0.9969,1.0109,1.0104,1.0,0.9999,1.0047,1.0095,1.0057,1.0031
62,15:30,NORMAL,973.31,191.37,33.7,IDLING,0.0,90.0,IDLING,-0.0,15.0,0.0,748.24,-748.24,0.0,,,,22.51,100.0,477.18,0.0,265.57,12988.34,420.52,175.197,9351.61,1.0,1.0,1.0096,1.01,1.0041,1.0316,1.0149,1.0048,1.0175,1.0068,1.0,1.0303,1.0301,1.0,0.9969,1.0097,1.0093,1.0,0.9999,1.0042,1.0084,1.0051,1.0028
63,15:45,NORMAL,851.67,191.81,33.7,IDLING,0.0,90.0,IDLING,-0.0,15.0,0.0,626.16,-626.16,0.0,,,,22.55,100.0,477.18,0.0,274.0,13201.26,420.52,153.301,9504.91,1.0,1.0,1.0084,1.0087,1.0036,1.0276,1.0131,1.0042,1.0153,1.0055,1.0,1.0265,1.0263,1.0,0.9969,1.0085,1.0081,1.0,0.9999,1.0036,1.0074,1.0044,1.0024
64,16:00,NORMAL,729.85,190.96,17.0,IDLING,0.0,90.0,IDLING,-0.0,15.0,0.0,521.89,-521.89,0.0,,,,20.8,100.0,477.18,0.0,278.25,13383.72,420.52,131.373,9636.28,1.0,1.0,1.0072,1.0075,1.0031,1.0237,1.0112,1.0036,1.0131,1.0042,1.0,1.0227,1.0226,1.0,0.9969,1.0072,1.007,1.0,0.9999,1.0031,1.0063,1.0038,1.0021
65,16:15,NORMAL,582.04,184.69,17.0,IDLING,0.0,90.0,IDLING,-0.0,15.0,0.0,380.35,-380.35,0.0,,,,20.17,100.0,477.18,0.0,282.5,13529.23,420.52,104.766,9741.05,1.0,1.0,1.0057,1.006,1.0025,1.0189,1.0089,1.0029,1.0105,1.0028,1.0,1.0181,1.018,1.0,0.9969,1.0058,1.0056,1.0,0.9999,1.0025,1.005,1.003,1.0017
66,16:30,NORMAL,434.22,180.88,17.0,IDLING,0.0,90.0,IDLING,-0.0,15.0,0.0,236.34,-236.34,0.0,,,,19.79,100.0,477.18,0.0,286.75,13637.79,420.52,78.16,9819.21,1.0,1.0,1.0042,1.0044,1.0018,1.0141,1.0067,1.0021,1.0078,1.0013,1.0,1.0135,1.0134,1.0,0.9969,1.0043,1.0041,1.0,0.9999,1.0019,1.0038,1.0023,1.0012
67,16:45,NORMAL,286.41,175.38,17.0,IDLING,0.0,90.0,IDLING,-0.0,15.0,0.0,94.03,-94.03,0.0,,,,19.24,100.0,477.18,0.0,291.0,13709.39,420.52,51.554,9870.76,1.0,1.0,1.0027,1.0029,1.0012,1.0093,1.0044,1.0014,1.0051,0.9998,1.0,1.0089,1.0088,1.0,0.9969,1.0028,1.0027,1.0,0.9999,1.0012,1.0025,1.0015,1.0008
68,17:00,NORMAL,138.6,172.82,8.1,IDLING,0.0,90.0,IDLING,-0.0,15.0,42.32,0.0,42.32,0.0,,,,18.09,76.6,477.18,0.0,293.02,13744.04,431.11,24.948,9895.71,1.0,1.0,1.0012,1.0014,1.0006,1.0045,1.0021,1.0007,1.0025,0.9983,1.0,1.0043,1.0043,1.0,0.9969,1.0014,1.0013,1.0,0.9999,1.0006,1.0012,1.0007,1.0004
69,17:15,NORMAL,103.95,169.24,8.1,IDLING,0.0,90.0,IDLING,-0.0,15.0,73.39,0.0,73.39,0.0,,,,17.73,58.6,477.18,0.0,295.05,13770.03,449.45,18.711,9914.42,1.0,1.0,1.0008,1.0011,1.0004,1.0034,1.0016,1.0005,1.0019,0.9982,1.0,1.0032,1.0032,1.0,0.9969,1.001,1.001,1.0,0.9999,1.0004,1.0009,1.0005,1.0003
70,17:30,EVENING,69.3,168.57,8.1,DISCHARGING,-100.0,86.15,IDLING,-0.0,15.0,7.37,0.0,7.37,0.0,,YES,,17.67,95.8,477.18,25.0,297.07,13787.35,451.3,12.474,9926.89,1.0,1.0,1.0005,1.0007,1.0003,1.0022,1.0011,1.0003,1.0012,0.998,1.0,1.0022,1.0021,1.0,0.9969,1.0007,1.0007,1.0,0.9999,1.0003,1.0006,1.0004,1.0002
71,17:45,EVENING,34.65,164.17,8.1,DISCHARGING,-46.9,84.35,IDLING,-0.0,15.0,90.72,0.0,90.72,0.0,,YES,,17.23,47.3,477.18,36.73,299.1,13796.01,473.98,6.237,9933.13,1.0,1.0,1.0002,1.0004,1.0001,1.0011,1.0005,1.0002,1.0006,0.9978,1.0,1.0011,1.0011,1.0,0.9969,1.0003,1.0003,1.0,0.9999,1.0001,1.0003,1.0002,1.0001
72,18:00,EVENING,0.0,157.05,1.4,DISCHARGING,-100.0,80.5,IDLING,-0.0,15.0,58.45,0.0,58.45,0.0,,YES,,15.85,63.1,477.18,61.73,299.45,13796.01,488.59,0.0,9933.13,1.0,1.0,0.9998,1.0,1.0,1.0,1.0,1.0,1.0,0.9977,1.0,1.0,1.0,1.0,0.9969,1.0,1.0,1.0,0.9999,1.0,1.0,1.0,1.0
73,18:15,EVENING,0.0,155.25,1.4,DISCHARGING,-100.0,76.66,IDLING,-0.0,15.0,56.65,0.0,56.65,0.0,,YES,,15.67,63.8,477.18,86.73,299.8,13796.01,502.75,0.0,9933.13,1.0,1.0,0.9998,1.0,1.0,1.0,1.0,1.0,1.0,0.9979,1.0,1.0,1.0,1.0,0.9969,1.0,1.0,1.0,0.9999,1.0,1.0,1.0,1.0
74,18:30,EVENING,0.0,147.87,1.4,DISCHARGING,-100.0,72.81,IDLING,-0.0,15.0,49.27,0.0,49.27,0.0,,YES,,14.93,67.0,477.18,111.73,300.15,13796.01,515.07,0.0,9933.13,1.0,1.0,0.9998,1.0,1.0,1.0,1.0,1.0,1.0,0.998,1.0,1.0,1.0,1.0,0.9969,1.0,1.0,1.0,0.9999,1.0,1.0,1.0,1.0
75,18:45,EVENING,0.0,148.53,1.4,DISCHARGING,-100.0,68.96,IDLING,-0.0,15.0,49.93,0.0,49.93,0.0,,YES,,14.99,66.7,477.18,136.73,300.5,13796.01,527.55,0.0,9933.13,1.0,1.0,0.9999,1.0,1.0,1.0,1.0,1.0,1.0,0.9982,1.0,1.0,1.0,1.0,0.9969,1.0,1.0,1.0,0.9999,1.0,1.0,1.0,1.0
76,19:00,EVENING,0.0,142.55,0.0,DISCHARGING,-100.0,65.12,IDLING,-0.0,15.0,42.55,0.0,42.55,0.0,,YES,,14.26,70.2,477.18,161.73,300.5,13796.01,538.19,0.0,9933.13,1.0,1.0,0.9999,1.0,1.0,1.0,1.0,1.0,1.0,0.9984,1.0,1.0,1.0,1.0,1.0,1.0,1.0,1.0,0.9999,1.0,1.0,1.0,1.0
77,19:15,EVENING,0.0,139.2,0.0,DISCHARGING,-100.0,61.27,IDLING,-0.0,15.0,39.2,0.0,39.2,0.0,,YES,,13.92,71.8,477.18,186.73,300.5,13796.01,547.99,0.0,9933.13,1.0,1.0,0.9999,1.0,1.0,1.0,1.0,1.0,1.0,0.9985,1.0,1.0,1.0,1.0,1.0,1.0,1.0,1.0,0.9999,1.0,1.0,1.0,1.0
78,19:30,EVENING,0.0,131.08,0.0,DISCHARGING,-100.0,57.42,IDLING,-0.0,15.0,31.08,0.0,31.08,0.0,,YES,,13.11,76.3,477.18,211.73,300.5,13796.01,555.76,0.0,9933.13,1.0,1.0,0.9999,1.0,1.0,1.0,1.0,1.0,1.0,0.9986,1.0,1.0,1.0,1.0,1.0,1.0,1.0,1.0,0.9999,1.0,1.0,1.0,1.0
79,19:45,EVENING,0.0,129.8,0.0,DISCHARGING,-100.0,53.58,IDLING,-0.0,15.0,29.8,0.0,29.8,0.0,,YES,,12.98,77.0,477.18,236.73,300.5,13796.01,563.21,0.0,9933.13,1.0,1.0,0.9999,1.0,1.0,1.0,1.0,1.0,1.0,0.9987,1.0,1.0,1.0,1.0,1.0,1.0,1.0,1.0,0.9999,1.0,1.0,1.0,1.0
80,20:00,EVENING,0.0,122.33,0.0,DISCHARGING,-100.0,49.73,IDLING,-0.0,15.0,22.33,0.0,22.33,0.0,,YES,,12.23,81.7,477.18,261.73,300.5,13796.01,568.79,0.0,9933.13,1.0,1.0,0.9999,1.0,1.0,1.0,1.0,1.0,1.0,0.9988,1.0,1.0,1.0,1.0,1.0,1.0,1.0,1.0,0.9999,1.0,1.0,1.0,1.0
81,20:15,EVENING,0.0,122.86,0.0,DISCHARGING,-100.0,45.88,IDLING,-0.0,15.0,22.86,0.0,22.86,0.0,,YES,,12.29,81.4,477.18,286.73,300.5,13796.01,574.51,0.0,9933.13,1.0,1.0,0.9999,1.0,1.0,1.0,1.0,1.0,1.0,0.9988,1.0,1.0,1.0,1.0,1.0,1.0,1.0,1.0,0.9999,1.0,1.0,1.0,1.0
82,20:30,EVENING,0.0,116.38,0.0,DISCHARGING,-100.0,42.03,IDLING,-0.0,15.0,16.38,0.0,16.38,0.0,,YES,,11.64,85.9,477.18,311.73,300.5,13796.01,578.6,0.0,9933.13,1.0,1.0,0.9999,1.0,1.0,1.0,1.0,1.0,1.0,0.9989,1.0,1.0,1.0,1.0,1.0,1.0,1.0,1.0,0.9999,1.0,1.0,1.0,1.0
83,20:45,EVENING,0.0,115.19,0.0,DISCHARGING,-100.0,38.19,IDLING,-0.0,15.0,15.19,0.0,15.19,0.0,,YES,,11.52,86.8,477.18,336.73,300.5,13796.01,582.4,0.0,9933.13,1.0,1.0,0.9999,1.0,1.0,1.0,1.0,1.0,1.0,0.999,1.0,1.0,1.0,1.0,1.0,1.0,1.0,1.0,0.9999,1.0,1.0,1.0,1.0
84,21:00,EVENING,0.0,109.66,0.0,DISCHARGING,-100.0,34.34,IDLING,-0.0,15.0,9.66,0.0,9.66,0.0,,YES,,10.97,91.2,477.18,361.73,300.5,13796.01,584.81,0.0,9933.13,1.0,1.0,0.9999,1.0,1.0,1.0,1.0,1.0,1.0,0.999,1.0,1.0,1.0,1.0,1.0,1.0,1.0,1.0,0.9999,1.0,1.0,1.0,1.0
85,21:15,EVENING,0.0,106.41,0.0,DISCHARGING,-100.0,30.49,IDLING,-0.0,15.0,6.41,0.0,6.41,0.0,,YES,,10.64,94.0,477.18,386.73,300.5,13796.01,586.42,0.0,9933.13,1.0,1.0,0.9999,1.0,1.0,1.0,1.0,1.0,1.0,0.9991,1.0,1.0,1.0,1.0,1.0,1.0,1.0,1.0,0.9999,1.0,1.0,1.0,1.0
86,21:30,EVENING,0.0,101.71,0.0,DISCHARGING,-100.0,26.65,IDLING,-0.0,15.0,1.71,0.0,1.71,0.0,,YES,,10.17,98.3,477.18,411.73,300.5,13796.01,586.84,0.0,9933.13,1.0,1.0,0.9999,1.0,1.0,1.0,1.0,1.0,1.0,0.9991,1.0,1.0,1.0,1.0,1.0,1.0,1.0,1.0,0.9999,1.0,1.0,1.0,1.0
87,21:45,EVENING,0.0,99.91,0.0,DISCHARGING,-99.91,22.8,IDLING,-0.0,15.0,0.0,0.0,0.0,0.0,,YES,,9.99,100.0,477.18,436.7,300.5,13796.01,586.84,0.0,9933.13,1.0,1.0,0.9999,1.0,1.0,1.0,1.0,1.0,1.0,0.9992,1.0,1.0,1.0,1.0,1.0,1.0,1.0,1.0,0.9999,1.0,1.0,1.0,1.0
88,22:00,EVENING,0.0,94.48,0.0,DISCHARGING,-94.48,19.17,IDLING,-0.0,15.0,0.0,0.0,0.0,0.0,,YES,,9.45,100.0,477.18,460.32,300.5,13796.01,586.84,0.0,9933.13,1.0,1.0,1.0,1.0,1.0,1.0,1.0,1.0,1.0,0.9992,1.0,1.0,1.0,1.0,1.0,1.0,1.0,1.0,0.9999,1.0,1.0,1.0,1.0
89,22:15,EVENING,0.0,90.29,0.0,DISCHARGING,-90.29,15.7,IDLING,-0.0,15.0,0.0,0.0,0.0,0.0,,YES,,9.03,100.0,477.18,482.9,300.5,13796.01,586.84,0.0,9933.13,1.0,1.0,1.0,1.0,1.0,1.0,1.0,1.0,1.0,0.9993,1.0,1.0,1.0,1.0,1.0,1.0,1.0,1.0,0.9999,1.0,1.0,1.0,1.0
90,22:30,EVENING,0.0,85.86,0.0,DISCHARGING,-85.86,15.0,IDLING,-0.0,15.0,0.0,0.0,0.0,0.0,,YES,,8.59,100.0,477.18,504.36,300.5,13796.01,586.84,0.0,9933.13,1.0,1.0,1.0,1.0,1.0,1.0,1.0,1.0,1.0,0.9993,1.0,1.0,1.0,1.0,1.0,1.0,1.0,1.0,0.9999,1.0,1.0,1.0,1.0
91,22:45,NORMAL,0.0,82.8,0.0,IDLING,0.0,15.0,IDLING,-0.0,15.0,82.8,0.0,82.8,0.0,,,,8.28,0.0,477.18,504.36,300.5,13796.01,607.54,0.0,9933.13,1.0,1.0,1.0,1.0,1.0,1.0,1.0,1.0,1.0,0.9994,1.0,1.0,1.0,1.0,1.0,1.0,1.0,1.0,0.9999,1.0,1.0,1.0,1.0
92,23:00,NORMAL,0.0,80.86,0.0,IDLING,0.0,15.0,IDLING,-0.0,15.0,80.86,0.0,80.86,0.0,,,,8.09,0.0,477.18,504.36,300.5,13796.01,627.76,0.0,9933.13,1.0,1.0,1.0,1.0,1.0,1.0,1.0,1.0,1.0,0.9994,1.0,1.0,1.0,1.0,1.0,1.0,1.0,1.0,0.9999,1.0,1.0,1.0,1.0
93,23:15,NORMAL,0.0,82.15,0.0,IDLING,0.0,15.0,IDLING,-0.0,15.0,82.15,0.0,82.15,0.0,,,,8.21,0.0,477.18,504.36,300.5,13796.01,648.3,0.0,9933.13,1.0,1.0,1.0,1.0,1.0,1.0,1.0,1.0,1.0,0.9994,1.0,1.0,1.0,1.0,1.0,1.0,1.0,1.0,0.9999,1.0,1.0,1.0,1.0
94,23:30,NORMAL,0.0,81.26,0.0,IDLING,0.0,15.0,IDLING,-0.0,15.0,81.26,0.0,81.26,0.0,,,,8.13,0.0,477.18,504.36,300.5,13796.01,668.61,0.0,9933.13,1.0,1.0,1.0,1.0,1.0,1.0,1.0,1.0,1.0,0.9994,1.0,1.0,1.0,1.0,1.0,1.0,1.0,1.0,0.9999,1.0,1.0,1.0,1.0
95,23:45,NORMAL,0.0,79.45,0.0,IDLING,0.0,15.0,IDLING,-0.0,15.0,79.45,0.0,79.45,0.0,,,,7.95,0.0,477.18,504.36,300.5,13796.01,688.47,0.0,9933.13,1.0,1.0,1.0,1.0,1.0,1.0,1.0,1.0,1.0,0.9994,1.0,1.0,1.0,1.0,1.0,1.0,1.0,1.0,0.9999,1.0,1.0,1.0,1.0
